{
  "09ac72edcb8e68ff0e0462bcf1b624c0": "سلام، آپ کیسے ہیں؟",
  "9aa0193f9e215ad44231472453da83bf": "ٹھیک ہوں۔",
  "b49f697cd348d67ba33a5439c2172964": "سلام، آپ کیسے ہیں؟",
  "1016bf5b64f268160a5a8fe949056d01": "آپ کیسے ہیں؟",
  "ed0ad772bd7036994fbb2bb76d8580c7": "Salam, Aap kese hain?",
  "9dc2a664ef9547fa794466c04266f461": "آپ کیسے ہیں؟",
  "cf3587c0e892701756a16dc9ac39f2d1": "آپ ٹھیک ہیں؟",
  "a2d5be3858a3e77db0cd0ceebeb903e1": "آپ کیسے ہیں؟",
  "076daf1a8560fe99b277f9e7e818630b": "ٹھیک نہیں ہوں، آپ؟",
  "f13a6181b9a8c1831f065478f01d2e7f": "السلام علیکم، آپ کیسے ہیں؟"
}